Map;Left;Right;thumbnail;full
Al Basrah AAS v1;US;Ins;https://squadmaps.com/thumbnails/Al_Basrah_AAS_v1.jpg;https://squadmaps.com/full/Al_Basrah_AAS_v1.jpg
Al Basrah Insurgency v1;UK;Ins;https://squadmaps.com/thumbnails/Al_Basrah_Insurgency_v1.jpg;https://squadmaps.com/full/Al_Basrah_Insurgency_v1.jpg
Al Basrah Invasion v1;UK;Ins;https://squadmaps.com/thumbnails/Al_Basrah_Invasion_v1.jpg;https://squadmaps.com/full/Al_Basrah_Invasion_v1.jpg
Al Basrah Invasion v2;UK;Ins;https://squadmaps.com/thumbnails/Al_Basrah_Invasion_v2.jpg;https://squadmaps.com/full/Al_Basrah_Invasion_v2.jpg
Al Basrah RAAS v1;Irreg;Ins;https://squadmaps.com/thumbnails/Al_Basrah_RAAS_v1.jpg;https://squadmaps.com/full/Al_Basrah_RAAS_v1.jpg
Al Basrah Skirmish v1;UK;Ins;https://squadmaps.com/thumbnails/Al_Basrah_Skirmish_v1.jpg;https://squadmaps.com/full/Al_Basrah_Skirmish_v1.jpg
Al Basrah Skirmish v2;Irreg;Ins;https://squadmaps.com/thumbnails/Al_Basrah_Skirmish_v2.jpg;https://squadmaps.com/full/Al_Basrah_Skirmish_v2.jpg
Al Basrah TC v1;UK;Ins;https://squadmaps.com/thumbnails/Al_Basrah_TC_v1.jpg;https://squadmaps.com/full/Al_Basrah_TC_v1.jpg
Al Basrah TC v2;US;Ins;https://squadmaps.com/thumbnails/Al_Basrah_TC_v2.jpg;https://squadmaps.com/full/Al_Basrah_TC_v2.jpg
Belaya AAS v1;RU;Irreg;https://squadmaps.com/thumbnails/Belaya_AAS_v1.jpg;https://squadmaps.com/full/Belaya_AAS_v1.jpg
Belaya Invasion v1;RU;Irreg;https://squadmaps.com/thumbnails/Belaya_Invasion_v1.jpg;https://squadmaps.com/full/Belaya_Invasion_v1.jpg
Belaya Invasion v2;US;RU;https://squadmaps.com/thumbnails/Belaya_Invasion_v2.jpg;https://squadmaps.com/full/Belaya_Invasion_v2.jpg
Belaya Invasion v3;UK;RU;https://squadmaps.com/thumbnails/Belaya_Invasion_v3.jpg;https://squadmaps.com/full/Belaya_Invasion_v3.jpg
Belaya RAAS v1;US;RU;https://squadmaps.com/thumbnails/Belaya_RAAS_v1.jpg;https://squadmaps.com/full/Belaya_RAAS_v1.jpg
Belaya RAAS v2;US;Irreg;https://squadmaps.com/thumbnails/Belaya_RAAS_v2.jpg;https://squadmaps.com/full/Belaya_RAAS_v2.jpg
Belaya RAAS v3;UK;Irreg;https://squadmaps.com/thumbnails/Belaya_RAAS_v3.jpg;https://squadmaps.com/full/Belaya_RAAS_v3.jpg
Belaya Skirmish v1;RU;Irreg;https://squadmaps.com/thumbnails/Belaya_Skirmish_v1.jpg;https://squadmaps.com/full/Belaya_Skirmish_v1.jpg
Belaya TC v1;US;RU;https://squadmaps.com/thumbnails/Belaya_TC_v1.jpg;https://squadmaps.com/full/Belaya_TC_v1.jpg
Chora AAS v1;US;RU;https://squadmaps.com/thumbnails/Chora_AAS_v1.jpg;https://squadmaps.com/full/Chora_AAS_v1.jpg
Chora AAS v2;US;RU;https://squadmaps.com/thumbnails/Chora_AAS_v2.jpg;https://squadmaps.com/full/Chora_AAS_v2.jpg
Chora Insurgency v1;US;Ins;https://squadmaps.com/thumbnails/Chora_Insurgency_v1.jpg;https://squadmaps.com/full/Chora_Insurgency_v1.jpg
Chora Invasion v1;US;Ins;https://squadmaps.com/thumbnails/Chora_Invasion_v1.jpg;https://squadmaps.com/full/Chora_Invasion_v1.jpg
Chora Invasion v2;US;Ins;https://squadmaps.com/thumbnails/Chora_Invasion_v2.jpg;https://squadmaps.com/full/Chora_Invasion_v2.jpg
Chora RAAS v1;US;RU;https://squadmaps.com/thumbnails/Chora_RAAS_v1.jpg;https://squadmaps.com/full/Chora_RAAS_v1.jpg
Chora RAAS v2;UK;RU;https://squadmaps.com/thumbnails/Chora_RAAS_v2.jpg;https://squadmaps.com/full/Chora_RAAS_v2.jpg
Chora Skirmish v1;US;RU;https://squadmaps.com/thumbnails/Chora_Skirmish_v1.jpg;https://squadmaps.com/full/Chora_Skirmish_v1.jpg
Chora TC v1;US;RU;https://squadmaps.com/thumbnails/Chora_TC_v1.jpg;https://squadmaps.com/full/Chora_TC_v1.jpg
Fool's Road AAS v1;RU;Irreg;https://squadmaps.com/thumbnails/Fool's_Road_AAS_v1.jpg;https://squadmaps.com/full/Fool's_Road_AAS_v1.jpg
Fool's Road AAS v3;UK;Irreg;https://squadmaps.com/thumbnails/Fool's_Road_AAS_v3.jpg;https://squadmaps.com/full/Fool's_Road_AAS_v3.jpg
Fool's Road RAAS v1;UK;Irreg;https://squadmaps.com/thumbnails/Fool's_Road_RAAS_v1.jpg;https://squadmaps.com/full/Fool's_Road_RAAS_v1.jpg
Fool's Road RAAS v2;UK;Irreg;https://squadmaps.com/thumbnails/Fool's_Road_RAAS_v2.jpg;https://squadmaps.com/full/Fool's_Road_RAAS_v2.jpg
Fool's Road RAAS v3;UK;Irreg;https://squadmaps.com/thumbnails/Fool's_Road_RAAS_v3.jpg;https://squadmaps.com/full/Fool's_Road_RAAS_v3.jpg
Fool's Road Invasion v1;UK;Irreg;https://squadmaps.com/thumbnails/Fool's_Road_Invasion_v1.jpg;https://squadmaps.com/full/Fool's_Road_Invasion_v1.jpg
Fool's Road Destruction v1;RU;Irreg;https://squadmaps.com/thumbnails/Fool's_Road_Destruction_v1.jpg;https://squadmaps.com/full/Fool's_Road_Destruction_v1.jpg
Fool's Road Skirmish v1;US;RU;https://squadmaps.com/thumbnails/Fool's_Road_Skirmish_v1.jpg;https://squadmaps.com/full/Fool's_Road_Skirmish_v1.jpg
Fool's Road Skirmish v2;US;RU;https://squadmaps.com/thumbnails/Fool's_Road_Skirmish_v2.jpg;https://squadmaps.com/full/Fool's_Road_Skirmish_v2.jpg
Fool's Road TC v1;RU;Irreg;https://squadmaps.com/thumbnails/Fool's_Road_TC_v1.jpg;https://squadmaps.com/full/Fool's_Road_TC_v1.jpg
Gorodok AAS v1;RU;Irreg;https://squadmaps.com/thumbnails/Gorodok_AAS_v1.jpg;https://squadmaps.com/full/Gorodok_AAS_v1.jpg
Gorodok AAS v2;US;UK;https://squadmaps.com/thumbnails/Gorodok_AAS_v2.jpg;https://squadmaps.com/full/Gorodok_AAS_v2.jpg
Gorodok Destruction v1;US;RU;https://squadmaps.com/thumbnails/Gorodok_Destruction_v1.jpg;https://squadmaps.com/full/Gorodok_Destruction_v1.jpg
Gorodok Insurgency v1;RU;Irreg;https://squadmaps.com/thumbnails/Gorodok_Insurgency_v1.jpg;https://squadmaps.com/full/Gorodok_Insurgency_v1.jpg
Gorodok Invasion v1;US;RU;https://squadmaps.com/thumbnails/Gorodok_Invasion_v1.jpg;https://squadmaps.com/full/Gorodok_Invasion_v1.jpg
Gorodok Invasion v2;RU;Irreg;https://squadmaps.com/thumbnails/Gorodok_Invasion_v2.jpg;https://squadmaps.com/full/Gorodok_Invasion_v2.jpg
Gorodok RAAS v1;US;RU;https://squadmaps.com/thumbnails/Gorodok_RAAS_v1.jpg;https://squadmaps.com/full/Gorodok_RAAS_v1.jpg
Gorodok RAAS v2;UK;RU;https://squadmaps.com/thumbnails/Gorodok_RAAS_v2.jpg;https://squadmaps.com/full/Gorodok_RAAS_v2.jpg
Gorodok RAAS v3;US;RU;https://squadmaps.com/thumbnails/Gorodok_RAAS_v3.jpg;https://squadmaps.com/full/Gorodok_RAAS_v3.jpg
Gorodok RAAS v4;US;RU;https://squadmaps.com/thumbnails/Gorodok_RAAS_v4.jpg;https://squadmaps.com/full/Gorodok_RAAS_v4.jpg
Gorodok RAAS v5;US;RU;https://squadmaps.com/thumbnails/Gorodok_RAAS_v5.jpg;https://squadmaps.com/full/Gorodok_RAAS_v5.jpg
Gorodok Skirmish v1;RU;Irreg;https://squadmaps.com/thumbnails/Gorodok_Skirmish_v1.jpg;https://squadmaps.com/full/Gorodok_Skirmish_v1.jpg
Gorodok TC v1;RU;US;https://squadmaps.com/thumbnails/Gorodok_TC_v1.jpg;https://squadmaps.com/full/Gorodok_TC_v1.jpg
CAF_Gorodok_Invasion_v1;;;;
CAF_Gorodok_RAAS_v1;;;;
CAF_Gorodok_RAAS_v2;;;;
CAF_Gorodok_TC_v1;;;;
Jensen's Range v1;UK;Irreg;https://squadmaps.com/thumbnails/Jensen's_Range_v1.jpg;https://squadmaps.com/full/Jensen's_Range_v1.jpg
Jensen's Range v2;US;RU;https://squadmaps.com/thumbnails/Jensen's_Range_v2.jpg;https://squadmaps.com/full/Jensen's_Range_v2.jpg
Jensen's Range v3;US;Ins;https://squadmaps.com/thumbnails/Jensen's_Range_v3.jpg;https://squadmaps.com/full/Jensen's_Range_v3.jpg
Jensens_Range_v4;CA;Ins;https://squadmaps.com/thumbnails/Jensens_Range_v4.jpg;https://squadmaps.com/full/Jensens_Range_v4.jpg
Kamdesh AAS v1;UK;RU;https://squadmaps.com/thumbnails/Kamdesh_AAS_v1.jpg;https://squadmaps.com/full/Kamdesh_AAS_v1.jpg
Kamdesh Insurgency v1;US;Ins;https://squadmaps.com/thumbnails/Kamdesh_Insurgency_v1.jpg;https://squadmaps.com/full/Kamdesh_Insurgency_v1.jpg
Kamdesh Insurgency v2;UK;Ins;https://squadmaps.com/thumbnails/Kamdesh_Insurgency_v2.jpg;https://squadmaps.com/full/Kamdesh_Insurgency_v2.jpg
Kamdesh Invasion v1;US;Ins;https://squadmaps.com/thumbnails/Kamdesh_Invasion_v1.jpg;https://squadmaps.com/full/Kamdesh_Invasion_v1.jpg
Kamdesh Invasion v2;UK;Ins;https://squadmaps.com/thumbnails/Kamdesh_Invasion_v2.jpg;https://squadmaps.com/full/Kamdesh_Invasion_v2.jpg
Kamdesh Invasion v3;US;Ins;https://squadmaps.com/thumbnails/Kamdesh_Invasion_v3.jpg;https://squadmaps.com/full/Kamdesh_Invasion_v3.jpg
Kamdesh RAAS v1;Irreg;Ins;https://squadmaps.com/thumbnails/Kamdesh_RAAS_v1.jpg;https://squadmaps.com/full/Kamdesh_RAAS_v1.jpg
Kamdesh RAAS v2;UK;RU;https://squadmaps.com/thumbnails/Kamdesh_RAAS_v2.jpg;https://squadmaps.com/full/Kamdesh_RAAS_v2.jpg
Kamdesh RAAS v3;US;RU;https://squadmaps.com/thumbnails/Kamdesh_RAAS_v3.jpg;https://squadmaps.com/full/Kamdesh_RAAS_v3.jpg
Kamdesh RAAS v4;UK;Ins;https://squadmaps.com/thumbnails/Kamdesh_RAAS_v4.jpg;https://squadmaps.com/full/Kamdesh_RAAS_v4.jpg
Kamdesh Skirmish v1;US;UK;https://squadmaps.com/thumbnails/Kamdesh_Skirmish_v1.jpg;https://squadmaps.com/full/Kamdesh_Skirmish_v1.jpg
Kamdesh TC v1;UK;RU;https://squadmaps.com/thumbnails/Kamdesh_TC_v1.jpg;https://squadmaps.com/full/Kamdesh_TC_v1.jpg
Kamdesh TC v2;Irreg;Ins;https://squadmaps.com/thumbnails/Kamdesh_TC_v2.jpg;https://squadmaps.com/full/Kamdesh_TC_v2.jpg
CAF_Kamdesh_Invasion_v1;;;;
CAF_Kamdesh_RAAS_v1;;;;
CAF_Kamdesh_TC_v1;;;;
Kohat AAS v1;US;RU;https://squadmaps.com/thumbnails/Kohat_AAS_v1.jpg;https://squadmaps.com/full/Kohat_AAS_v1.jpg
Kohat Insurgency v1;US;Ins;https://squadmaps.com/thumbnails/Kohat_Insurgency_v1.jpg;https://squadmaps.com/full/Kohat_Insurgency_v1.jpg
Kohat Invasion v1;US;Ins;https://squadmaps.com/thumbnails/Kohat_Invasion_v1.jpg;https://squadmaps.com/full/Kohat_Invasion_v1.jpg
Kohat Invasion v2;US;Ins;https://squadmaps.com/thumbnails/Kohat_Invasion_v2.jpg;https://squadmaps.com/full/Kohat_Invasion_v2.jpg
Kohat RAAS v1;US;RU;https://squadmaps.com/thumbnails/Kohat_RAAS_v1.jpg;https://squadmaps.com/full/Kohat_RAAS_v1.jpg
Kohat RAAS v2;UK;RU;https://squadmaps.com/thumbnails/Kohat_RAAS_v2.jpg;https://squadmaps.com/full/Kohat_RAAS_v2.jpg
Kohat RAAS v3;RU;Ins;https://squadmaps.com/thumbnails/Kohat_RAAS_v3.jpg;https://squadmaps.com/full/Kohat_RAAS_v3.jpg
Kohat RAAS v4;UK;RU;https://squadmaps.com/thumbnails/Kohat_RAAS_v4.jpg;https://squadmaps.com/full/Kohat_RAAS_v4.jpg
Kohat Skirmish v1;US;UK;https://squadmaps.com/thumbnails/Kohat_Skirmish_v1.jpg;https://squadmaps.com/full/Kohat_Skirmish_v1.jpg
Kohat TC v1;US;RU;https://squadmaps.com/thumbnails/Kohat_TC_v1.jpg;https://squadmaps.com/full/Kohat_TC_v1.jpg
CAF_Kohat_Invasion_v1;;;;
Kokan Valley AAS v1;UK;RU;https://squadmaps.com/thumbnails/Kokan_Valley_AAS_v1.jpg;https://squadmaps.com/full/Kokan_Valley_AAS_v1.jpg
Kokan Insurgency v1;US;Ins;https://squadmaps.com/thumbnails/Kokan_Insurgency_v1.jpg;https://squadmaps.com/full/Kokan_Insurgency_v1.jpg
Kokan Invasion v1;RU;Ins;https://squadmaps.com/thumbnails/Kokan_Invasion_v1.jpg;https://squadmaps.com/full/Kokan_Invasion_v1.jpg
Kokan RAAS v1;US;Ins;https://squadmaps.com/thumbnails/Kokan_RAAS_v1.jpg;https://squadmaps.com/full/Kokan_RAAS_v1.jpg
Kokan RAAS v2;RU;Ins;https://squadmaps.com/thumbnails/Kokan_RAAS_v2.jpg;https://squadmaps.com/full/Kokan_RAAS_v2.jpg
Kokan Skirmish v1;Irreg;Ins;https://squadmaps.com/thumbnails/Kokan_Skirmish_v1.jpg;https://squadmaps.com/full/Kokan_Skirmish_v1.jpg
Kokan TC v1;US;Ins;https://squadmaps.com/thumbnails/Kokan_TC_v1.jpg;https://squadmaps.com/full/Kokan_TC_v1.jpg
Logar Valley AAS v1;US;Ins;https://squadmaps.com/thumbnails/Logar_Valley_AAS_v1.jpg;https://squadmaps.com/full/Logar_Valley_AAS_v1.jpg
Logar Valley AAS v2;US;Ins;https://squadmaps.com/thumbnails/Logar_Valley_AAS_v2.jpg;https://squadmaps.com/full/Logar_Valley_AAS_v2.jpg
Logar Valley Insurgency v1;RU;Ins;https://squadmaps.com/thumbnails/Logar_Valley_Insurgency_v1.jpg;https://squadmaps.com/full/Logar_Valley_Insurgency_v1.jpg
Logar Valley RAAS v1;RU;Ins;https://squadmaps.com/thumbnails/Logar_Valley_RAAS_v1.jpg;https://squadmaps.com/full/Logar_Valley_RAAS_v1.jpg
Logar Valley Skirmish v1;Irreg;Ins;https://squadmaps.com/thumbnails/Logar_Valley_Skirmish_v1.jpg;https://squadmaps.com/full/Logar_Valley_Skirmish_v1.jpg
Logar Valley TC v1;US;Ins;https://squadmaps.com/thumbnails/Logar_Valley_TC_v1.jpg;https://squadmaps.com/full/Logar_Valley_TC_v1.jpg
CAF_Manic_Invasion_v1;;;;
CAF_Manic_Invasion_v2;;;;
CAF_Manic_RAAS_v1;;;;
CAF_Manic_RAAS_v2;;;;
CAF_Manic_RAAS_v3;;;;
CAF_Manic_RAAS_v4;;;;
CAF_Manic_Skirmish_v1;;;;
CAF_Manic_Skirmish_v2;;;;
CAF_Manic_TC_v1;;;;
Mestia AAS v1;RU;Irreg;https://squadmaps.com/thumbnails/Mestia_AAS_v1.jpg;https://squadmaps.com/full/Mestia_AAS_v1.jpg
Mestia Invasion v1;RU;Irreg;https://squadmaps.com/thumbnails/Mestia_Invasion_v1.jpg;https://squadmaps.com/full/Mestia_Invasion_v1.jpg
Mestia Invasion v2;US;Irreg;https://squadmaps.com/thumbnails/Mestia_Invasion_v2.jpg;https://squadmaps.com/full/Mestia_Invasion_v2.jpg
Mestia RAAS v1;US;Irreg;https://squadmaps.com/thumbnails/Mestia_RAAS_v1.jpg;https://squadmaps.com/full/Mestia_RAAS_v1.jpg
Mestia Skirmish v1;RU;Irreg;https://squadmaps.com/thumbnails/Mestia_Skirmish_v1.jpg;https://squadmaps.com/full/Mestia_Skirmish_v1.jpg
Mestia TC v1;US;RU;https://squadmaps.com/thumbnails/Mestia_TC_v1.jpg;https://squadmaps.com/full/Mestia_TC_v1.jpg
Mutaha AAS v1;US;RU;https://squadmaps.com/thumbnails/Mutaha_AAS_v1.jpg;https://squadmaps.com/full/Mutaha_AAS_v1.jpg
Mutaha Invasion v1;UK;Ins;https://squadmaps.com/thumbnails/Mutaha_Invasion_v1.jpg;https://squadmaps.com/full/Mutaha_Invasion_v1.jpg
Mutaha RAAS v1 ;US;RU;https://squadmaps.com/thumbnails/Mutaha_RAAS_v1_.jpg;https://squadmaps.com/full/Mutaha_RAAS_v1_.jpg
Mutaha Skirmish v1;US;RU;https://squadmaps.com/thumbnails/Mutaha_Skirmish_v1.jpg;https://squadmaps.com/full/Mutaha_Skirmish_v1.jpg
Mutaha TC v1;US;RU;https://squadmaps.com/thumbnails/Mutaha_TC_v1.jpg;https://squadmaps.com/full/Mutaha_TC_v1.jpg
Mutaha TC v2;US;RU;https://squadmaps.com/thumbnails/Mutaha_TC_v2.jpg;https://squadmaps.com/full/Mutaha_TC_v2.jpg
CAF_Nanisivik_Invasion_v1;;;;
CAF_Nanisivik_Invasion_v2;;;;
CAF_Nanisivik_RAAS_v1;;;;
CAF_Nanisivik_RAAS_v2;;;;
Narva AAS v1;US;RU;https://squadmaps.com/thumbnails/Narva_AAS_v1.jpg;https://squadmaps.com/full/Narva_AAS_v1.jpg
Narva AAS v2;UK;RU;https://squadmaps.com/thumbnails/Narva_AAS_v2.jpg;https://squadmaps.com/full/Narva_AAS_v2.jpg
Narva AAS v3;US;RU;https://squadmaps.com/thumbnails/Narva_AAS_v3.jpg;https://squadmaps.com/full/Narva_AAS_v3.jpg
Narva Destruction v1;US;RU;https://squadmaps.com/thumbnails/Narva_Destruction_v1.jpg;https://squadmaps.com/full/Narva_Destruction_v1.jpg
Narva Invasion v1;US;RU;https://squadmaps.com/thumbnails/Narva_Invasion_v1.jpg;https://squadmaps.com/full/Narva_Invasion_v1.jpg
Narva Invasion v2;UK;RU;https://squadmaps.com/thumbnails/Narva_Invasion_v2.jpg;https://squadmaps.com/full/Narva_Invasion_v2.jpg
Narva RAAS v1;US;RU;https://squadmaps.com/thumbnails/Narva_RAAS_v1.jpg;https://squadmaps.com/full/Narva_RAAS_v1.jpg
Narva Skirmish v1;US;RU;https://squadmaps.com/thumbnails/Narva_Skirmish_v1.jpg;https://squadmaps.com/full/Narva_Skirmish_v1.jpg
Narva TC v1;US;RU;https://squadmaps.com/thumbnails/Narva_TC_v1.jpg;https://squadmaps.com/full/Narva_TC_v1.jpg
Narva TC v2;US;RU;https://squadmaps.com/thumbnails/Narva_TC_v2.jpg;https://squadmaps.com/full/Narva_TC_v2.jpg
Skorpo AAS v1;US;RU;https://squadmaps.com/thumbnails/Skorpo_AAS_v1.jpg;https://squadmaps.com/full/Skorpo_AAS_v1.jpg
Skorpo RAAS v1;US;RU;https://squadmaps.com/thumbnails/Skorpo_RAAS_v1.jpg;https://squadmaps.com/full/Skorpo_RAAS_v1.jpg
Skorpo RAAS v2;US;RU;https://squadmaps.com/thumbnails/Skorpo_RAAS_v2.jpg;https://squadmaps.com/full/Skorpo_RAAS_v2.jpg
Skorpo RAAS v3;US;Irreg;https://squadmaps.com/thumbnails/Skorpo_RAAS_v3.jpg;https://squadmaps.com/full/Skorpo_RAAS_v3.jpg
Skorpo RAAS v4;US;RU;https://squadmaps.com/thumbnails/Skorpo_RAAS_v4.jpg;https://squadmaps.com/full/Skorpo_RAAS_v4.jpg
Skorpo Invasion v1;US;Irreg;https://squadmaps.com/thumbnails/Skorpo_Invasion_v1.jpg;https://squadmaps.com/full/Skorpo_Invasion_v1.jpg
Skorpo Invasion v2;RU;Irreg;https://squadmaps.com/thumbnails/Skorpo_Invasion_v2.jpg;https://squadmaps.com/full/Skorpo_Invasion_v2.jpg
Skorpo Skirmish v1;US;RU;https://squadmaps.com/thumbnails/Skorpo_Skirmish_v1.jpg;https://squadmaps.com/full/Skorpo_Skirmish_v1.jpg
Skorpo TC v1;US;RU;https://squadmaps.com/thumbnails/Skorpo_TC_v1.jpg;https://squadmaps.com/full/Skorpo_TC_v1.jpg
Skorpo TC v2;US;RU;https://squadmaps.com/thumbnails/Skorpo_TC_v2.jpg;https://squadmaps.com/full/Skorpo_TC_v2.jpg
Skorpo TC v3;US;RU;https://squadmaps.com/thumbnails/Skorpo_TC_v3.jpg;https://squadmaps.com/full/Skorpo_TC_v3.jpg
Sumari AAS v1;UK;Ins;https://squadmaps.com/thumbnails/Sumari_AAS_v1.jpg;https://squadmaps.com/full/Sumari_AAS_v1.jpg
Sumari Insurgency v1;US;Ins;https://squadmaps.com/thumbnails/Sumari_Insurgency_v1.jpg;https://squadmaps.com/full/Sumari_Insurgency_v1.jpg
Sumari Invasion v1;US;Ins;https://squadmaps.com/thumbnails/Sumari_Invasion_v1.jpg;https://squadmaps.com/full/Sumari_Invasion_v1.jpg
Sumari RAAS v1;US;Ins;https://squadmaps.com/thumbnails/Sumari_RAAS_v1.jpg;https://squadmaps.com/full/Sumari_RAAS_v1.jpg
Sumari RAAS v2;US;Ins;https://squadmaps.com/thumbnails/Sumari_RAAS_v2.jpg;https://squadmaps.com/full/Sumari_RAAS_v2.jpg
Sumari Skirmish v1;Irreg;Ins;https://squadmaps.com/thumbnails/Sumari_Skirmish_v1.jpg;https://squadmaps.com/full/Sumari_Skirmish_v1.jpg
Sumari TC v1;US;Ins;https://squadmaps.com/thumbnails/Sumari_TC_v1.jpg;https://squadmaps.com/full/Sumari_TC_v1.jpg
Tallil Outskirts AAS v1;US;RU;https://squadmaps.com/thumbnails/Tallil_Outskirts_AAS_v1.jpg;https://squadmaps.com/full/Tallil_Outskirts_AAS_v1.jpg
Tallil Outskirts Invasion v1;US;RU;https://squadmaps.com/thumbnails/Tallil_Outskirts_Invasion_v1.jpg;https://squadmaps.com/full/Tallil_Outskirts_Invasion_v1.jpg
Tallil Outskirts Invasion v2;RU;Ins;https://squadmaps.com/thumbnails/Tallil_Outskirts_Invasion_v2.jpg;https://squadmaps.com/full/Tallil_Outskirts_Invasion_v2.jpg
Tallil Outskirts Invasion v3;US;Ins;https://squadmaps.com/thumbnails/Tallil_Outskirts_Invasion_v3.jpg;https://squadmaps.com/full/Tallil_Outskirts_Invasion_v3.jpg
Tallil Outskirts RAAS v1;US;RU;https://squadmaps.com/thumbnails/Tallil_Outskirts_RAAS_v1.jpg;https://squadmaps.com/full/Tallil_Outskirts_RAAS_v1.jpg
Tallil Outskirts RAAS v2;US;RU;https://squadmaps.com/thumbnails/Tallil_Outskirts_RAAS_v2.jpg;https://squadmaps.com/full/Tallil_Outskirts_RAAS_v2.jpg
Tallil Outskirts RAAS v3;US;RU;https://squadmaps.com/thumbnails/Tallil_Outskirts_RAAS_v3.jpg;https://squadmaps.com/full/Tallil_Outskirts_RAAS_v3.jpg
Tallil Outskirts RAAS v4;UK;RU;https://squadmaps.com/thumbnails/Tallil_Outskirts_RAAS_v4.jpg;https://squadmaps.com/full/Tallil_Outskirts_RAAS_v4.jpg
Tallil Outskirts Skirmish v1;US;RU;https://squadmaps.com/thumbnails/Tallil_Outskirts_Skirmish_v1.jpg;https://squadmaps.com/full/Tallil_Outskirts_Skirmish_v1.jpg
Tallil Outskirts Skirmish v2;US;RU;https://squadmaps.com/thumbnails/Tallil_Outskirts_Skirmish_v2.jpg;https://squadmaps.com/full/Tallil_Outskirts_Skirmish_v2.jpg
Tallil Outskirts Skirmish v3;Irreg;Ins;https://squadmaps.com/thumbnails/Tallil_Outskirts_Skirmish_v3.jpg;https://squadmaps.com/full/Tallil_Outskirts_Skirmish_v3.jpg
Tallil Outskirts Tanks v1;US;RU;https://squadmaps.com/thumbnails/Tallil_Outskirts_Tanks_v1.jpg;https://squadmaps.com/full/Tallil_Outskirts_Tanks_v1.jpg
Tallil Outskirts Tanks v2;UK;RU;https://squadmaps.com/thumbnails/Tallil_Outskirts_Tanks_v2.jpg;https://squadmaps.com/full/Tallil_Outskirts_Tanks_v2.jpg
Tallil Outskirts TC v1;US;RU;https://squadmaps.com/thumbnails/Tallil_Outskirts_TC_v1.jpg;https://squadmaps.com/full/Tallil_Outskirts_TC_v1.jpg
Yehorivka AAS v1;UK;RU;https://squadmaps.com/thumbnails/Yehorivka_AAS_v1.jpg;https://squadmaps.com/full/Yehorivka_AAS_v1.jpg
Yehorivka AAS v2;US;RU;https://squadmaps.com/thumbnails/Yehorivka_AAS_v2.jpg;https://squadmaps.com/full/Yehorivka_AAS_v2.jpg
Yehorivka Destruction v1;US;RU;https://squadmaps.com/thumbnails/Yehorivka_Destruction_v1.jpg;https://squadmaps.com/full/Yehorivka_Destruction_v1.jpg
Yehorivka Invasion v1;UK;Irreg;https://squadmaps.com/thumbnails/Yehorivka_Invasion_v1.jpg;https://squadmaps.com/full/Yehorivka_Invasion_v1.jpg
Yehorivka Invasion v2;US;RU;https://squadmaps.com/thumbnails/Yehorivka_Invasion_v2.jpg;https://squadmaps.com/full/Yehorivka_Invasion_v2.jpg
Yehorivka RAAS v1;US;RU;https://squadmaps.com/thumbnails/Yehorivka_RAAS_v1.jpg;https://squadmaps.com/full/Yehorivka_RAAS_v1.jpg
Yehorivka RAAS v2;US;RU;https://squadmaps.com/thumbnails/Yehorivka_RAAS_v2.jpg;https://squadmaps.com/full/Yehorivka_RAAS_v2.jpg
Yehorivka RAAS v3;UK;RU;https://squadmaps.com/thumbnails/Yehorivka_RAAS_v3.jpg;https://squadmaps.com/full/Yehorivka_RAAS_v3.jpg
Yehorivka RAAS v4;US;RU;https://squadmaps.com/thumbnails/Yehorivka_RAAS_v4.jpg;https://squadmaps.com/full/Yehorivka_RAAS_v4.jpg
Yehorivka RAAS v5;US;RU;https://squadmaps.com/thumbnails/Yehorivka_RAAS_v5.jpg;https://squadmaps.com/full/Yehorivka_RAAS_v5.jpg
Yehorivka Skirmish v1;US;RU;https://squadmaps.com/thumbnails/Yehorivka_Skirmish_v1.jpg;https://squadmaps.com/full/Yehorivka_Skirmish_v1.jpg
Yehorivka Skirmish v2;US;RU;https://squadmaps.com/thumbnails/Yehorivka_Skirmish_v2.jpg;https://squadmaps.com/full/Yehorivka_Skirmish_v2.jpg
Yehorivka Skirmish v3;US;RU;https://squadmaps.com/thumbnails/Yehorivka_Skirmish_v3.jpg;https://squadmaps.com/full/Yehorivka_Skirmish_v3.jpg
Yehorivka TC v1;US;RU;https://squadmaps.com/thumbnails/Yehorivka_TC_v1.jpg;https://squadmaps.com/full/Yehorivka_TC_v1.jpg
Yehorivka TC v2;US;RU;https://squadmaps.com/thumbnails/Yehorivka_TC_v2.jpg;https://squadmaps.com/full/Yehorivka_TC_v2.jpg
CAF_Yehorivka_Invasion_v1;;;;
CAF_Yehorivka_RAAS_v1;;;;
CAF_Yehorivka_TC_V1;;;;
